Sample,,,,,,,AcylCarn 12:0 Results,AcylCarn 14:0 Results,AcylCarn 16:0 Results,AcylCarn 16:0-d3 (IS) Results,AcylCarn 18:0 Results,AcylCarn 18:1 Results,AcylCarn 18:2 Results,BMP 28:0 (IS) Results,BMP 34:1 [16:0] Results,BMP 34:1 [18:1] Results,BMP 40:6 [18:0] Results,BMP 40:6 [22:6] Results,BMP 40:8 [18:2] Results,BMP 40:8 [22:6] Results,BMP 44:12 [22:6] Results,CE 16:0 Results,CE 16:1 Results,CE 18:0 Results,CE 18:0-d6 (IS) Results,CE 18:1 Results,CE 18:2 Results,CE 18:3 Results,CE 20:3 Results,CE 20:4 Results,CE 20:5 Results,CE 22:4 Results,CE 22:5 Results,CE 22:6 Results,CE 24:4 Results,CE 24:5 Results,Cer d16:1/22:0 Results,Cer d16:1/23:0 Results,Cer d16:1/24:0 Results,Cer d17:1/24:0 Results,Cer d18:0/08:0 (IS) Results,Cer d18:0/22:0 Results,Cer d18:0/23:0 Results,Cer d18:0/24:0 Results,Cer d18:0/24:1 Results,Cer d18:1/12:0 (IS) Results,Cer d18:1/16:0 Results,Cer d18:1/18:0 Results,Cer d18:1/22:0 Results,Cer d18:1/23:0 Results,Cer d18:1/24:0 Results,Cer d18:1/24:1 Results,Cer d18:1/25:0 Results,Cer d18:2/22:0 Results,Cer d18:2/23:0 Results,Cer d18:2/24:0 Results,Cer d18:2/24:1 Results,Cer d19:1/22:0 Results,Cer d19:1/23:0 Results,Cer d19:1/24:0 Results,Cer d19:1/24:1 Results,Cer m18:0/22:0 Results,Cer m18:0/23:0 Results,Cer m18:0/24:0 Results,Cer m18:0/24:1 Results,Cer m18:1/12:0 (IS) Results,Cer m18:1/22:0 Results,Cer m18:1/23:0 Results,Cer m18:1/24:0 Results,Cer m18:1/24:1 Results,COH Results,COH-d7 (IS) Results,DG 30:0 -15:0 (IS) Results,DG 32:0 -16:0 Results,DG 32:1 -16:0 Results,DG 32:1 -16:1 Results,DG 34:1 [-16:0] Results,DG 34:1 [-18:1] Results,DG 34:2 [-16:0] Results,DG 34:2 [-16:1] Results,DG 34:2 [-18:1] Results,DG 34:2 [-18:2] Results,DG 36:1 [-18:0] Results,DG 36:1 [-18:1] Results,DG 36:2 [-18:0] Results,DG 36:2 [-18:1] Results,DG 36:2 [-18:2] Results,DG 36:3 [-18:1] Results,DG 36:3 [-18:2] Results,DG 36:4 [-18:2] Results,DG 36:4 [-20:4] Results,DG 38:4 [-20:4] Results,DG 38:5 [-20:4] Results,DG 38:6 [-20:4] Results,GM3 d18:1/16:0 Results,GM3 d18:1/18:0 Results,GM3 d18:1/18:0-d3 (IS) Results,GM3 d18:1/22:0 Results,GM3 d18:1/24:0 Results,Hex1Cer d18:1/12:0 (IS) Results,Hex1Cer d18:1/16:0 Results,Hex1Cer d18:1/22:0 Results,Hex1Cer d18:1/24:0 Results,Hex1Cer d18:1/24:1 Results,Hex1Cer d18:2/24:0 Results,Hex2Cer d18:1/12:0 (IS) Results,Hex2Cer d18:1/16:0 Results,Hex2Cer d18:1/22:0 Results,Hex2Cer d18:1/24:0 Results,Hex2Cer d18:1/24:1 Results,Hex3Cer d18:1/16:0 Results,Hex3Cer d18:1/18:0-d3 (IS) Results,Hex3Cer d18:1/22:0 Results,Hex3Cer d18:1/24:0 Results,LPC 13:0 (IS) Results,LPC 14:0 Results,LPC 15:0 Results,LPC 16:0 Results,LPC 16:1 Results,LPC 17:0 Results,LPC 18:0 Results,LPC 18:1 Results,LPC 18:2 Results,LPC 18:2-d9 Results,LPC 18:3 Results,LPC 20:1 Results,LPC 20:3 Results,LPC 20:4 Results,LPC 20:5 Results,LPC 22:5 Results,LPC 22:6 Results,LPC-O 16:0 Results,LPC-O 18:1 Results,LPC-O 22:6 Results,LPC-P 16:0 Results,LPC-P 18:0 Results,LPC-P 18:1 Results,LPE 14:0 (IS) Results,LPE 16:0 Results,LPE 18:0 Results,LPE 18:1 Results,LPE 18:2 Results,LPE 20:4 Results,LPE 22:6 Results,LPE-P 16:0 Results,LPE-P 18:0 Results,LPG 14:0 (IS) Results,LPG 16:0 Results,LPG 17:0 Results,LPG 18:0 Results,LPG 18:1 Results,LPG 18:2 Results,LPG 20:4 Results,LPG 22:6 Results,LPI 16:0 Results,LPI 17:1 (IS) Results,LPI 18:0 Results,LPI 18:1 Results,LPI 18:2 Results,LPS 14:0 Results,LPS 16:0 Results,LPS 17:1 (IS) Results,LPS 18:0 Results,LPS 18:1 Results,LPS 18:2 Results,LPS 20:4 Results,LPS 22:6 Results,LSM 16:0 Results,LSM 18:0 Results,LSM 18:1 Results,LSM 18:1-d7 (IS) Results,LSM 18:2 Results,LSM 20:4 Results,PC 26:0 (IS) Results,PC 32:0 Results,PC 32:1 Results,PC 34:1 Results,PC 34:2 Results,PC 36:0 Results,PC 36:1 Results,PC 36:2 Results,PC 36:3 Results,PC 36:4 Results,PC 38:4 Results,PC 38:5 Results,PC 38:6 Results,PC 40:6 Results,PC 40:7 Results,PC 40:8 Results,PC-O 32:0 Results,PC-O 34:1 Results,PC-O 38:6 Results,PC-P 32:0 Results,PC-P 34:2 Results,PC-P 36:1 Results,PC-P 36:3 Results,PC-P 36:4 Results,PC-P 38:6 Results,PE 34:0 (IS) Results,PE 34:1 Results,PE 34:2 Results,PE 36:1 Results,PE 36:2 Results,PE 36:3 Results,PE 36:4 Results,PE 38:4 Results,PE 38:5 Results,PE 38:6 Results,PE 40:6 Results,PE-P 16:0/18:1 Results,PE-P 16:0/18:2 Results,PE-P 16:0/20:4 Results,PE-P 16:0/20:5 Results,PE-P 16:0/22:6 Results,PE-P 18:0/18:1 Results,PE-P 18:0/18:2 Results,PE-P 18:0/20:4 Results,PE-P 18:0/20:5 Results,PE-P 18:0/22:6 Results,PE-P 18:1/20:4 Results,PE-P 18:1/22:6 Results,PG 34:0 (IS) Results,PG 34:1 Results,PG 35:1 Results,PG 36:0 Results,PG 36:1 Results,PG 36:3 Results,PG 40:6 Results,PG 40:8 Results,PG 44:12 Results,PI 25:0 (IS) Results,PI 34:1 Results,PI 34:2 Results,PI 36:1 Results,PI 36:2 Results,PI 36:3 Results,PI 36:4 Results,PI 38:4 Results,PI 38:5 Results,PI 38:6 Results,PI 40:5 Results,PI 40:6 Results,PS 34:0 (IS) Results,PS 34:1 Results,PS 36:1 Results,PS 36:2 Results,PS 38:3 Results,PS 38:4 Results,PS 38:5 Results,SM 30:1 (IS) Results,SM 32:0 Results,SM 32:1 Results,SM 32:2 Results,SM 33:1 Results,SM 34:0 Results,SM 34:1 Results,SM 34:2 Results,SM 36:0 Results,SM 36:1 Results,SM 36:2 Results,SM 38:1 Results,SM 38:2 Results,SM 40:1 Results,SM 40:2 Results,SM 41:1 Results,SM 42:1 Results,SM 42:2 Results,SM 42:3 Results,Sph d17:0 (IS) Results,Sph d17:1 (IS) Results,Sph d18:0 Results,Sph d18:1 Results,TG 36:0 [-12:0] (IS) Results,TG 48:1 [-14:0] Results,TG 48:1 [-16:0] Results,TG 48:1 [-16:1] Results,TG 48:1 [-18:1] Results,TG 48:2 [-14:0] Results,TG 48:2 [-16:0] Results,TG 48:2 [-16:1] Results,TG 48:2 [-18:1] Results,TG 48:2 [-18:2] Results,TG 50:1 [-16:0] Results,TG 50:1 [-18:1] Results,TG 50:2 [-16:0] Results,TG 50:2 [-16:1] Results,TG 50:2 [-18:1] Results,TG 50:2 [-18:2] Results,TG 50:3 [-16:0] Results,TG 50:3 [-16:1] Results,TG 50:3 [-18:1] Results,TG 50:3 [-18:2] Results,TG 52:1 [-16:0] Results,TG 52:1 [-18:0] Results,TG 52:1 [-18:1] Results,TG 52:2 [-16:0] Results,TG 52:2 [-18:0] Results,TG 52:2 [-18:1] Results,TG 52:2 [-18:2] Results,TG 52:3 [-16:0] Results,TG 52:3 [-18:1] Results,TG 52:3 [-18:2] Results,TG 52:4 [-16:0] Results,TG 52:4 [-16:1] Results,TG 52:4 [-18:1] Results,TG 52:4 [-18:2] Results,TG 52:5 [-16:0] Results,TG 52:5 [-16:1] Results,TG 52:5 [-18:2] Results,TG 52:5 [-18:3] Results,TG 54:2 [-18:0] Results,TG 54:2 [-18:1] Results,TG 54:3 [-18:0] Results,TG 54:3 [-18:1] Results,TG 54:3 [-18:2] Results,TG 54:4 [-18:1] Results,TG 54:4 [-18:2] Results,TG 54:5 [-18:1] Results,TG 54:5 [-18:2] Results,TG 54:5 [-18:3] Results,TG 54:6 [-18:3] Results,TG 54:6 [-20:4] Results,TG 54:6 [-20:5] Results,TG 54:7 [-18:2] Results,TG 54:7 [-18:3] Results,TG 56:5 [-20:4] Results,TG 56:6 [-20:4] Results,TG 56:6 [-22:4] Results,TG 56:7 [-20:4] Results
,,Name,Data File,Type,Level,Acq. Date-Time,Area,Area,Area,Area,Area,Area,Area,Area,Area,Area,Area,Area,Area,Area,Area,Area,Area,Area,Area,Area,Area,Area,Area,Area,Area,Area,Area,Area,Area,Area,Area,Area,Area,Area,Area,Area,Area,Area,Area,Area,Area,Area,Area,Area,Area,Area,Area,Area,Area,Area,Area,Area,Area,Area,Area,Area,Area,Area,Area,Area,Area,Area,Area,Area,Area,Area,Area,Area,Area,Area,Area,Area,Area,Area,Area,Area,Area,Area,Area,Area,Area,Area,Area,Area,Area,Area,Area,Area,Area,Area,Area,Area,Area,Area,Area,Area,Area,Area,Area,Area,Area,Area,Area,Area,Area,Area,Area,Area,Area,Area,Area,Area,Area,Area,Area,Area,Area,Area,Area,Area,Area,Area,Area,Area,Area,Area,Area,Area,Area,Area,Area,Area,Area,Area,Area,Area,Area,Area,Area,Area,Area,Area,Area,Area,Area,Area,Area,Area,Area,Area,Area,Area,Area,Area,Area,Area,Area,Area,Area,Area,Area,Area,Area,Area,Area,Area,Area,Area,Area,Area,Area,Area,Area,Area,Area,Area,Area,Area,Area,Area,Area,Area,Area,Area,Area,Area,Area,Area,Area,Area,Area,Area,Area,Area,Area,Area,Area,Area,Area,Area,Area,Area,Area,Area,Area,Area,Area,Area,Area,Area,Area,Area,Area,Area,Area,Area,Area,Area,Area,Area,Area,Area,Area,Area,Area,Area,Area,Area,Area,Area,Area,Area,Area,Area,Area,Area,Area,Area,Area,Area,Area,Area,Area,Area,Area,Area,Area,Area,Area,Area,Area,Area,Area,Area,Area,Area,Area,Area,Area,Area,Area,Area,Area,Area,Area,Area,Area,Area,Area,Area,Area,Area,Area,Area,Area,Area,Area,Area,Area,Area,Area,Area,Area,Area,Area,Area,Area,Area,Area,Area,Area,Area,Area,Area,Area,Area,Area,Area,Area,Area,Area,Area,Area,Area,Area,Area,Area,Area,Area,Area,Area,Area,Area,Area,Area,Area,Area,Area,Area,Area,Area,Area,Area
!,!,dilution 20A,dilution 20A.d,Sample,,26/2/2024 13:31,417,1604,1790,4020672,4674,1578,65748,3094,870,516,94,7,10,4,8,547,18,2188,94421,733,79,11,27,26,124,8,49,38,5,23,403,242,1062,1186,294732,352,38,35,89,1865958,18634,4746,4179,644,11780,7217,1065,960,171,2260,921,187,9,385,30,15,8,10,48,2207662,192,8,346,121,6649,122613,591899,8510,721,5886,12785,14329,5033,4149,1895,7196,4187,4095,1455,31223,2782,9539,11620,14177,31,108,45,26,1122,326,11363,535,943,785299,5549,2497,4835,2631,639,605134,1350,197,725,655,266,28415,228,178,2406968,1430,1192,22952,1002,1014,49757,13016,700,41420,224,2420,10666,69690,1454,253,236,1786,274,1623,219,222,950,227954,521,293,1806,6,33,33,46,165,402,10,17,35,42,4,11,16,16,46,39,32,18,45,37,144367,108,288,51,10,20,381,180,657,14,32,78,3847302,63167,3057256,5523025,1040593,152735,1629379,2346935,53667,20455,3093,9558,7646,1594,4954,78,17414,236241,1663,19664,15702,64954,2415,1932,1283,444481,144368,91258,224721,405350,8405,303,10315,2019,1627,890,90834,4745,2641,646,1636,55038,4011,2655,702,1960,1198,365,54155,13536,70,340,3994,204,50,3,16,15052,14539,3325,27723,100828,1979,379,19299,1900,364,1724,138,117899,121802,86250,122648,117,3937,1227,2252404,2496,21452,616,2738,20596,361674,12701,1939,62468,25550,9543,2610,25438,98373,2988,39210,49942,5196,1357100,2541355,338,8033,1408772,26063,63473,25680,32036,6971,15113,23723,13946,4128,337980,150441,203732,50409,77066,61788,16583,19129,12955,12755,32308,15217,49262,427338,5685,712380,15818,14913,317171,21855,247483,11721,35611,363651,34382,4286,33111,33820,23837,85454,14404,1099847,28238,33019,34374,380767,41044,4496,4519,23,35,97940,66276,9,599,36,16
!,!,dilution 20B,dilution 20B.d,Sample,,26/2/2024 20:35,518,1653,2948,3800614,4447,1803,64002,3081,1149,344,44,31,2,3,7,288,83,1482,81976,541,83,36,40,17,32,18,45,111,37,112,592,294,1331,873,279327,277,86,533,109,1867504,18438,4708,3573,860,11284,7066,1245,1164,15,2260,806,206,10,393,42,19,33,39,21,2179731,243,7,218,237,5613,116287,579920,10804,947,4806,12013,14700,4819,4003,2200,5820,3833,4460,1322,30744,2237,11025,12568,13499,13,218,125,21,882,491,10366,325,668,787978,5600,2239,4640,2324,416,596479,1811,163,753,546,204,31273,67,188,2358593,1846,1016,20953,1497,1080,50305,11793,717,40892,154,2459,11143,69370,1455,87,348,1364,336,1239,261,334,865,234155,374,256,1518,15,66,31,10,144,77,20,76,100,109,36,4,6,108,77,126,7,5,112,118,149150,79,247,100,56,19,368,162,630,40,100,90,3726009,63748,2977163,5364389,1003178,150308,1572583,2297482,56600,19671,3439,8403,8084,1039,4591,40,15430,224840,1872,16865,14956,67359,2572,2084,1432,423534,146657,88212,220290,401662,9396,175,10061,2742,1314,592,92375,5045,2433,787,1893,51260,4279,3238,523,1976,1023,553,49669,14226,74,370,3872,117,151,20,3,14887,14830,3027,29488,97997,1938,312,16773,1696,205,1897,43,100866,104694,77206,102839,86,3445,919,2218773,2360,20704,614,2403,25447,351175,11702,3830,67027,24850,10331,1931,22460,96301,2063,37500,50734,5459,1311376,2463993,650,8837,1376700,28367,63452,22769,28943,8020,16156,23438,11637,3207,338728,154017,198376,50527,79188,63809,15989,20351,12340,12649,28640,13947,46363,410941,4524,705139,17007,15643,310221,21402,245720,11597,36511,373539,33352,4639,34554,33071,21983,82126,14947,1114393,28791,30602,37433,383889,40078,4014,4676,356,101,97773,67427,240,576,12,441
!,!,dilution 40A,dilution 40A.d,Sample,,26/2/2024 13:48,817,4968,3294,8456686,4587,3398,124509,6336,1188,1059,32,13,11,12,27,951,33,2548,315822,786,32,56,146,21,15,87,22,35,17,143,441,196,1498,1412,625458,232,402,509,29,3786107,35720,8868,8263,1305,21871,14192,1196,1895,53,5068,2104,209,17,415,8,19,105,23,16,5153581,475,3,515,259,12395,208349,1283895,10273,1048,6945,15084,22562,5533,4489,3622,8146,6077,6133,2006,42782,2947,8815,11003,14048,28,325,208,26,2316,603,22277,950,1436,1602373,10995,5026,9289,4799,1144,1203539,4012,703,1430,1165,332,64159,145,505,5001940,3635,1834,33163,2637,1287,72764,24429,1118,84301,166,5182,22821,147149,3446,580,156,2609,789,2497,441,616,2215,447208,894,497,3010,33,141,32,83,404,550,77,15,38,62,63,7,51,14,100,22,10,2,221,64,268695,874,448,5,33,54,1054,193,1182,15,23,151,8441794,133682,8129808,11840607,2119774,310290,3338325,4871528,109277,40411,7004,17587,24776,2329,11841,61,34162,471741,4478,37645,31421,139346,4249,3913,4682,880866,297289,181294,471375,810843,17328,1189,19850,4485,5353,1342,186055,9590,5772,1589,3175,106774,9142,4998,1529,3651,1833,1578,101659,38503,239,547,8010,192,107,27,14,29912,29799,6052,58798,275134,4633,1000,47097,2899,521,4128,322,208320,309399,175912,344031,515,10121,1207,4954070,4883,45421,1527,5124,51736,822575,25246,6263,132581,80875,19100,6266,49975,210587,4857,81223,101104,11353,2745004,5199167,1041,15535,2863411,31948,65345,24670,30407,9237,16206,27456,15125,4770,346789,151327,213172,54124,84332,63333,17728,23000,12905,12526,29934,14799,51235,432638,4912,750602,16733,14257,313593,21181,233340,11733,33049,377360,36491,3745,32311,31531,23232,81276,14274,1101035,28344,30045,33878,381863,37792,4490,4066,76,126,98682,64363,22,592,67,186
!,!,dilution 40B,dilution 40B.d,Sample,,26/2/2024 20:18,1223,2267,3909,8185460,5324,3715,120418,6791,1688,946,116,7,1,1,24,438,16,2018,295203,534,90,93,38,215,22,6,30,78,21,26,486,268,1162,1309,618204,116,209,37,27,3754870,38558,9208,7142,1003,20458,14302,1192,1412,41,4563,2258,247,15,567,9,24,14,11,15,5073682,205,29,530,178,12094,214208,1294021,10204,990,7408,17106,21108,5567,6054,3799,7877,5704,6364,2312,41395,2159,11010,9290,13089,36,374,125,15,2007,1055,23342,861,1594,1623819,10058,5268,9402,4862,1317,1194876,3539,648,1707,1396,423,59802,122,413,4869150,3002,1742,34102,2386,2036,71149,23481,1834,82163,155,4800,20608,141389,2674,510,398,2777,578,2450,291,937,2189,431475,967,355,2941,38,47,31,30,339,908,62,11,236,62,65,11,8,27,49,42,20,4,150,148,276875,191,246,50,59,20,750,480,1451,38,30,138,8307815,135085,7621318,11672973,2145758,311124,3289119,4827869,109961,40546,7095,18416,21003,1980,12373,25,30837,461263,2709,36111,29976,136053,4302,3899,5311,865577,292444,179550,476449,808724,19485,1135,19604,4918,5042,1739,179373,9316,5400,1763,3307,102465,8206,6324,1451,3476,1971,1404,99497,39956,137,709,8134,359,156,14,2,30891,29830,5449,61669,274207,4064,1160,46147,3666,273,4437,174,207980,312339,165768,285951,590,8506,1139,4906559,4868,44715,1434,5272,48352,837339,22813,7460,132500,77150,18911,5404,48591,213782,4711,78874,101139,11272,2582725,4918655,957,19240,2823935,28642,63862,23464,32221,10137,16973,24073,16543,4180,345206,150666,202821,50819,84147,57351,16347,22757,13978,12523,29686,14347,49595,413880,4576,726533,16834,9369,302845,22153,236181,10286,32482,357596,35374,3788,30768,32129,22338,83133,14640,1066012,28658,30265,33675,368223,40347,4003,4063,24,81,95785,63039,181,293,18,259
!,!,dilution 60A,dilution 60A.d,Sample,,26/2/2024 14:05,1398,5319,5834,13207854,4780,6683,182347,9808,1642,1756,97,13,10,13,9,1382,134,3519,622366,825,968,186,27,11,110,15,114,56,20,30,659,274,1603,1617,990417,205,95,37,16,5798621,59343,13445,10565,1460,30670,20970,1403,2952,11,7322,2893,146,19,646,10,36,44,159,22,8545672,591,18,698,364,13922,270124,2198675,13286,646,8467,21452,27573,4751,8633,5688,8647,7901,9422,2380,55637,2826,8299,8598,15517,45,461,159,12,2993,1141,33205,1057,2831,2425526,18225,6875,13439,7167,1519,1814322,6918,841,2528,1980,636,92334,253,639,7812250,5237,2677,46903,3910,1610,91168,35119,1652,125990,76,8336,32596,216018,3752,370,185,4804,1120,4833,909,952,3203,626817,877,477,4880,59,191,23,14,511,624,132,47,22,17,23,18,7,13,45,70,22,20,111,175,375616,552,754,32,23,50,823,703,1658,139,88,87,14268699,220839,14315627,19806964,3318734,487067,5170310,7683664,161918,64478,11978,25575,40267,4629,18558,117,50724,733500,5745,57307,47175,207141,7222,5479,10618,1306412,448050,288176,746704,1241904,25754,2827,30276,7335,8141,1683,282707,13389,8222,2225,5358,162659,13638,8853,2850,5624,2878,2050,151425,71662,421,1390,12728,586,314,7,2,45755,46929,9472,91829,454194,5199,1257,74237,5109,622,8604,140,327049,511878,279884,570048,901,17184,2202,8101794,7308,68242,2624,9181,82200,1347443,37996,13067,211279,147228,28516,8610,74989,355984,8003,125514,160364,16971,4006082,7634688,907,30742,4386299,33647,73467,26911,35688,8991,17083,28839,16811,3482,356039,159663,208688,56338,89534,58778,17030,21724,14530,11953,30760,16004,49591,438953,5381,768198,15807,16069,317216,22189,231346,11837,35161,356223,36186,3262,30716,34468,21581,82855,14022,1076248,27472,17332,34531,367714,38740,4047,3486,284,45,94044,63452,86,556,11,225
!,!,dilution 60B,dilution 60B.d,Sample,,26/2/2024 20:01,1660,4487,4000,12904416,4991,5623,187202,9140,1716,1825,209,38,8,10,3,1238,26,3531,554644,769,803,90,107,14,26,7,51,133,6,106,592,374,1906,1498,963989,131,201,29,40,5839541,57160,13668,10417,1358,29876,22539,1339,2787,111,6557,2807,258,31,448,9,9,47,29,8,8164226,460,160,695,313,13874,275887,2144916,12939,5911,9018,21242,28966,5101,7843,6154,7961,8626,8584,2440,52351,2446,8997,8767,14402,36,409,264,24,3166,936,33016,1372,2758,2452506,15832,7104,13733,7700,1843,1803330,7383,1041,2011,2013,1007,93918,274,477,7669908,5109,2416,45766,3624,2589,91223,36306,1647,127313,157,8149,31331,209293,4406,757,749,4034,885,5057,537,947,3077,629103,813,485,4384,19,314,87,14,645,952,54,165,200,78,18,14,12,16,32,162,22,7,281,124,383451,795,567,33,48,94,1227,679,1526,56,60,244,13945498,202936,13339945,19449016,3285411,473180,4971968,7548153,156209,64074,11436,25938,38812,2955,19614,280,50319,702405,5637,55197,46943,202437,8064,4085,9702,1295829,435049,280714,732840,1225148,24478,2223,29036,6068,7528,1982,280221,13962,8353,2238,5094,162575,11348,8859,1709,5364,2857,1888,146938,68777,325,1014,12146,533,290,6,5,46658,47517,9199,87696,461714,5622,1180,72834,5299,574,7901,627,324596,526872,258040,494883,636,12911,1464,7847781,6674,69294,2737,8500,87450,1401378,38129,13569,214447,141054,28180,7364,74204,333627,7622,119422,156504,17099,3906709,7494812,870,26901,4285108,33203,67868,24750,33936,9237,14679,27341,15449,3917,348998,157259,209856,55480,88465,59479,14962,20809,12784,11417,29378,16633,49193,423360,4338,740039,14917,14068,307345,19734,226995,11607,31558,348957,35872,4296,30398,32029,21190,80437,14919,1063877,27341,28801,32856,355876,36806,4559,3554,25,102,87650,66279,77,288,60,9
!,!,dilution 80A,dilution 80A.d,Sample,,26/2/2024 14:22,1394,10038,7052,17706059,5798,7872,244473,11990,3215,1807,62,8,27,9,8,269,45,3271,884501,655,58,125,9,35,87,32,54,239,26,95,820,258,2026,1772,1331761,479,342,115,97,7735750,80257,17052,13562,1724,39399,26829,1598,3854,119,9821,3836,332,14,640,2,29,14,37,4,12040351,524,51,962,527,17534,305412,3189283,13026,698,11018,27771,35489,4967,10164,6547,7977,11571,10064,1989,67764,2648,10386,10886,12520,56,541,791,7,4155,1254,46554,1445,3610,3332417,22707,9580,19221,9957,2485,2418484,9959,1488,2875,2770,885,125855,522,654,10641895,6577,4190,57285,4412,2661,105249,46307,1861,173641,494,10768,44894,285750,4554,1510,446,5834,1564,6009,914,1417,6926,778902,1059,899,6471,7,104,284,18,803,1010,122,126,71,57,9,10,86,11,306,161,81,51,58,92,469984,617,802,20,15,82,1560,523,2034,64,221,331,21196939,303857,21757932,29164488,4421508,660440,7057448,10737522,221242,88079,16258,35363,62020,4143,26835,33,69227,971731,10742,77415,64421,281048,10055,7646,17801,1781285,605186,368249,1034931,1616294,35587,3362,39995,8101,11646,2762,373268,18079,10204,3367,6706,218587,15434,12025,3082,7317,3874,2508,197712,105745,748,1813,16507,360,257,5,4,59340,60710,11121,118947,604536,7228,1788,95487,6266,728,9810,411,422854,708394,369179,790272,960,24604,2504,11645219,9543,92425,3421,11376,125613,1981907,53087,17455,303460,215464,39901,12483,102376,472746,9530,168005,206191,23622,5154384,10044753,1436,41337,5973426,33956,73102,26301,38544,10549,17313,29412,19347,4512,356409,166454,209769,61675,97078,57370,16757,23838,15001,14261,32043,15393,55176,434263,5299,776985,15684,13766,319218,20597,224824,12204,34463,345350,34569,3364,29765,30928,22516,80397,14631,1064493,27425,31249,31827,369880,36866,3150,3621,423,115,90736,58849,33,363,75,464
!,!,dilution 80B,dilution 80B.d,Sample,,26/2/2024 19:44,1591,5352,5413,17571575,5577,7263,240868,12269,2621,1343,199,41,24,36,14,1413,275,4094,832077,865,104,40,16,37,43,20,33,164,9,15,1019,362,2160,1857,1314829,319,296,90,124,7622057,79518,17500,14049,1359,38407,27438,1411,3750,182,8743,4044,268,11,612,26,49,26,133,2,11761633,447,18,944,524,16410,298444,3009394,14247,944,12330,28271,34542,5017,9611,7313,8326,10253,10435,1930,63513,3096,10308,11766,14289,34,689,338,21,3870,1971,44334,1550,2977,3225156,22326,9013,18319,9983,2234,2393163,9272,1249,2934,2538,1045,128568,240,704,10499726,6512,3439,57570,5209,2310,105770,50077,2448,168398,378,11331,43947,275438,4613,1246,818,5393,1279,6553,826,1147,5535,786779,768,755,5519,56,268,138,31,765,1202,54,49,172,140,36,12,19,7,179,43,20,4,119,126,468021,511,822,69,46,80,1306,814,1740,24,24,207,20778291,281244,20920124,28731620,4453599,642739,6866682,10707013,215194,82536,14961,35828,65590,4832,29767,61,69394,936071,11777,77906,65947,281810,9886,6768,19606,1735013,584892,369372,1024555,1653352,34050,3005,40559,9592,11623,2619,369929,17654,10561,2662,7151,220956,17635,12156,2871,7014,4036,2939,197849,97746,95,1734,17933,600,490,64,19,60410,62202,11861,121371,618511,7673,2228,98069,6590,1039,9360,350,427079,729513,353211,724192,906,21960,2405,11566788,9129,90527,2920,11238,124463,1988588,51671,17995,293821,210699,41968,10900,101410,437421,11145,159476,206548,23294,5023571,9796885,1265,33578,5830446,33822,75110,26384,37664,9588,17787,30179,20322,3716,355613,163602,206291,59272,99369,59969,15228,24598,15865,12450,32547,15590,50943,435683,4928,770874,14691,13842,310887,19651,224358,11015,33388,339199,33736,4602,33648,31712,21468,78430,12783,1068700,26659,29014,32610,349164,40181,4167,3901,296,171,93985,62556,138,396,36,476
!,!,dilution 100A,dilution 100A.d,Sample,,26/2/2024 14:39,2467,9546,7560,23246101,4291,18450,305852,14943,3544,1970,66,25,3,10,2,909,64,3745,1138288,892,53,110,48,17,63,10,139,253,9,34,876,438,1771,1831,1617467,331,249,82,144,9850514,103683,22958,16071,1737,46856,35997,1537,4595,205,11181,4755,239,174,596,52,24,26,52,6,15397339,617,23,1208,733,18053,339498,4079775,16021,829,12734,32381,40601,5408,11343,8531,8210,12311,13209,2433,81265,2469,10698,11148,14852,176,553,422,26,4235,1840,55829,1900,3982,4124046,29798,11161,22975,11632,3028,3004976,12462,1763,3450,3207,992,160235,776,923,13584126,9344,5357,72112,6540,2886,118281,59463,2037,220005,388,13683,55028,355407,8045,1282,318,7237,1785,8335,1461,1900,6113,977037,1156,1488,6309,103,153,113,35,976,1141,119,187,70,56,17,28,15,16,384,249,15,111,61,80,552156,693,865,79,89,26,2054,1064,3411,50,24,447,28570705,382708,30143260,39261943,5826307,826679,8978485,14302678,277113,106977,20829,45002,84612,5172,35754,465,91225,1203624,15434,101009,86754,344345,14875,9169,26130,2209679,748141,472243,1317783,2047360,42854,4072,50755,11619,16367,3088,464814,20517,12889,3580,9002,277445,20985,13569,3503,8471,5337,3620,248117,128479,143,2124,20804,537,484,11,3,76063,78353,14048,144664,744758,8918,2182,117057,8347,957,11600,242,530570,882028,452450,932611,833,31659,4114,15798030,12673,114992,4374,14416,166638,2600531,62768,24681,387221,292616,51436,15044,128035,588167,12557,204371,263389,32398,6169854,12310723,1470,41816,7522634,39651,77201,29166,39230,10582,18657,31296,20757,4853,354860,164369,204293,64202,108425,59758,14809,21024,16079,12398,33089,17603,51886,438191,5136,792680,15459,9014,315693,18155,215881,10292,33533,338496,33824,3768,31484,31324,21772,82229,15164,1046540,26051,28490,31964,350093,36553,4220,3308,38,120,92382,60102,308,600,10,229
!,!,dilution 100B,dilution 100B.d,Sample,,26/2/2024 19:27,2297,6633,6718,23336095,5038,18143,301045,15352,3904,2054,154,15,22,6,6,441,99,4845,1102658,1758,84,93,9,19,113,91,170,409,27,144,1243,252,2332,2505,1602611,475,176,115,73,9612688,99922,22890,17084,1515,48440,34680,1737,4636,308,11382,5327,346,11,673,27,230,14,93,68,15290307,804,13,1182,541,15582,327496,4094740,15403,877,14212,33316,41788,4343,11530,7808,9026,11984,12273,2437,77160,2981,10067,11577,15538,30,553,596,3,4511,1576,56985,2396,3763,4062947,28664,11382,24111,12632,2739,2929525,12772,1426,3843,3548,927,160635,498,819,13076696,8754,4766,70526,6943,2977,118701,60477,2550,215793,170,12621,52982,333136,5458,1549,150,6885,1882,8457,1648,1766,6496,949396,1381,993,6462,116,133,68,68,1037,1590,69,117,124,20,50,14,17,13,212,51,15,6,131,331,568807,1353,798,25,10,30,1482,877,2266,33,84,243,28208257,378105,28635817,39293232,5850476,821807,8768833,13830171,267136,105828,18728,42387,79573,5915,36534,76,85044,1201057,14493,97055,82300,347635,16340,9750,28107,2217779,747128,479469,1309611,2000746,43166,4504,48662,11240,15450,2951,462184,20674,14523,3139,7596,275909,20946,13860,3849,8514,5178,3698,253795,128645,437,1742,21886,286,735,11,2,75621,82078,14538,153056,773054,9348,2215,117450,8121,1362,13477,700,549635,900550,442633,938164,1333,31113,3383,15601310,11558,112020,4464,14209,174196,2630999,61343,19949,397240,287386,50988,15289,128462,608373,11671,206447,257085,31054,6013358,11705318,1448,39629,7456245,37801,74859,28549,42144,10243,18077,29374,20787,3958,367490,168676,212852,65437,100963,60602,15506,26872,13974,12884,31014,16003,54718,444874,5483,802611,14870,13652,311653,19819,213649,11096,32355,336230,33659,3779,31464,31241,22595,78048,13889,1045198,28328,25173,31547,339668,35751,3298,3735,31,122,91429,57410,58,498,34,122
!,!,PBLK01,PBLK01.d,Sample,,26/2/2024 13:14,1644,2050,6434,22016797,6095,8975,292526,14599,85,83,108,32,27,9,28,212,139,4858,1240847,964,45,128,25,19,35,102,53,56,41,56,337,223,1470,1296,1620626,529,201,803,6,9210537,4902,2028,1924,917,4596,273,1530,152,29,171,17,356,15,596,46,16,24,45,10,15021521,86,27,116,29,3246,439227,3711078,12623,1075,6588,10060,13745,4779,3526,756,8778,3290,1967,1907,23751,1857,10199,9818,15813,18,11,35,46,72,86,55790,60,81,4094507,193,9,95,25,22,2990155,343,84,83,61,9,162639,170,128,13398881,6382,4253,22435,197,1836,14244,3639,1981,178,83,108,99135,625369,6143,1412,47,998,306,5198,24,106,1818,1066552,522,3666,2500,38,12,7,19,29,1786,30,321,95,114,15,24,17,36,140,43,28,5,104,172,639565,83,60,28,30,9,831,299,2445,29,20,6,27703359,3929,10851,16792,7972,369,4298,17725,1105,428,770,308,1574,75,65,18,596,872,131,171,127,156,99,48,119,2029319,505,125,596,1353,25,226,18,77,59,3,48,49,26,33,9,167,41,22,13,31,20,465,220636,726,11,25,48,16,11,22,33,72204,5,21,70,651,62,12,312,1,0,17,0,328414,7177,2726,7270,119,224,43,15219268,1578,12045,143,662,819,19433,582,51,4080,2486,1795,244,3884,624,79,2974,2612,1030,7024594,13949415,1018,7459,7399149,36270,77466,28384,37505,9446,17618,33784,19396,4763,352587,168005,207526,55701,94310,61699,15030,23501,15778,13038,31775,16196,50736,435509,5570,763065,16840,14605,311564,22626,228961,11695,35479,356370,35029,3963,33100,32871,22696,81169,15018,1048734,28406,30540,33782,363165,37473,4149,3923,35,166,93390,60962,67,161,112,347
!,!,PBLK02,PBLK02.d,Sample,,26/2/2024 19:10,1284,2455,9726,22253622,6072,9108,286736,14769,119,10,22,3,18,5,11,696,16,4281,1203458,1065,810,69,80,6,164,77,19,15,9,41,291,275,1237,1404,1618650,653,233,39,32,9284495,3699,2396,2158,735,4405,202,1487,91,46,147,52,249,19,752,7,30,28,16,17,15184884,59,53,90,86,2746,455000,3655304,12597,1223,7036,11135,15051,5593,3803,1073,9409,2907,1773,1628,24228,1880,7096,9632,15736,28,75,46,39,41,2,54156,4,36,4181879,39,47,125,89,25,3053132,485,75,86,45,22,162423,90,193,13706718,6383,4725,23064,428,1783,13692,3252,1404,115,123,77,109136,634157,3696,1299,413,1332,485,5786,40,209,395,1087573,438,4230,2633,15,9,25,34,59,1556,49,169,41,9,42,20,51,12,256,220,18,35,129,239,647478,69,240,30,18,38,949,710,3047,130,68,24,27911130,3992,10689,17360,6777,292,3794,14996,1346,328,360,117,1389,12,53,28,468,1330,39,194,23,141,191,11,32,2079770,652,140,1009,1832,66,252,82,57,103,2,38,4,5,2,108,127,10,9,6,11,28,626,225414,496,19,40,81,8,11,10,2,75747,12,21,54,573,18,2,311,2,4,21,1,298601,8724,3288,6749,118,170,155,15579597,1796,12080,111,406,910,21398,519,368,3572,2459,1707,278,3996,883,56,2971,2466,681,6813726,13743321,927,9448,7219268,35798,72602,24946,36951,7485,16506,29467,19575,4013,353471,156445,200906,55638,91301,58449,15448,22788,12946,12370,30494,14477,48712,426578,4864,756367,16660,9464,300955,19524,219675,11682,32467,347550,31956,4036,31730,31197,21942,80313,14063,1030702,26925,32385,30454,370250,36030,3799,4190,560,31,92309,60335,159,371,13,113
!,!,Sample 1,Sample 1.d,Sample,,26/2/2024 15:30,719,731,5461,22626608,5268,7089,289188,14550,4123,2287,164,7,46,33,14,515,39,3783,1013072,1193,79,8,56,19,39,40,36,167,107,57,903,190,2079,1530,1573971,206,307,88,102,9456419,94830,19577,13364,1762,38940,31928,1310,4214,330,10782,4474,271,8,699,7,13,62,20,3,14928203,787,10,1290,583,16851,335654,4295138,14590,457,14807,34306,43673,4708,12872,9530,8405,12438,13114,1557,82247,2923,10549,12901,14520,53,755,520,17,4360,1578,53978,2014,3579,3999797,27564,10156,19740,11174,2549,2888337,11287,1312,3062,2806,953,157609,438,633,12799501,6492,3732,41794,4594,2909,112105,39388,2666,93,68,11435,48979,321771,4836,963,432,2927,913,8047,364,1257,4276,934987,861,515,4029,86,220,12,20,680,1353,108,325,97,17,4,49,13,17,59,88,35,94,92,115,588335,1287,486,28,19,128,1052,694,2602,19,175,58,27424548,324843,27789238,36248262,5698379,776168,8081622,13299720,269196,5114,18037,40458,80261,6431,35867,103,76776,1126239,14414,89839,88416,316781,13200,11187,25948,2197468,692908,453680,1188756,1923770,44881,4468,46670,11883,14418,3290,444616,20378,13958,3520,7887,251773,21429,11945,3695,8873,4915,3304,244912,124487,102,1723,19508,294,815,10,11,72705,77645,14450,146268,779835,9261,2218,121887,8809,1445,13539,442,573961,942378,489138,1077119,1699,37041,3644,15205969,12245,113707,4166,13390,160037,2448650,64036,21023,350030,268475,46097,14808,107706,582825,11817,168192,223163,27674,6049220,12054952,1157,45268,7574033,37424,81152,28824,42547,9994,17435,33770,21081,5053,373378,169263,222301,62647,108721,58993,16136,25546,14948,15362,31390,16441,55421,447818,6003,815166,16369,10326,314324,20962,222470,12312,31204,349217,35404,4350,31833,32194,22291,83431,13316,1101584,27582,29500,32869,353450,38884,4222,3810,291,12,93813,62856,27,663,169,430
!,!,Sample 2,Sample 2.d,Sample,,26/2/2024 15:47,818,976,5575,22142952,4155,10997,292557,14745,4785,2686,73,18,3,14,11,264,370,6408,1126756,1652,96,154,54,8,182,3,59,211,232,142,1143,392,1807,1793,1583820,402,85,64,104,9494028,121692,22586,16250,1402,45811,37651,1232,4887,269,12605,5255,262,27,636,14,16,59,151,3,14776918,1004,41,1069,653,16920,303185,4378344,13091,729,16415,37981,50469,5053,14671,11056,8192,14608,14492,1535,94845,2750,10633,12950,14708,23,826,765,26,4732,1936,54309,1699,3939,4030680,35369,11592,22458,13100,3143,2845232,13161,1540,3655,3352,1308,152429,601,802,12852668,9572,4903,53974,7866,3501,123554,63324,2416,8478,321,15762,47223,311574,4805,1791,1436,3945,1571,9050,745,1805,5964,928108,1567,537,6288,62,100,172,23,916,1276,13,107,67,26,36,9,14,45,316,171,41,4,296,144,603265,1437,414,121,43,53,954,874,2464,21,119,966,27755125,394397,33669476,45795136,7029860,907287,9510736,16879457,316296,228234,24442,54923,114370,6551,45300,35,109503,1342364,17398,113497,106416,384630,16182,11195,35176,2205653,806399,560191,1418506,2273681,50639,5143,54543,14222,18981,2292,514726,25256,17183,4439,11797,291502,24518,16390,3913,10151,6381,4560,250896,146098,379,2119,23595,366,498,11,23,72302,94141,18911,175703,870208,10266,3435,140169,11891,1489,14815,515,603443,1090798,592126,1273806,2273,38239,4916,14890724,14454,136773,6194,17658,203939,2982108,75998,21938,448861,323525,54517,18885,127386,726343,13134,193242,276788,31920,5950749,11653560,2093,45777,7753280,38290,87110,28690,42628,11300,17787,32489,21732,4190,400968,179334,218932,63943,112158,62498,16484,25475,16541,15297,34651,18368,54971,472005,5192,844146,16603,14801,323603,19440,230913,11606,33655,358892,34897,4414,33502,31049,22840,85153,15209,1093064,27954,13395,31089,359137,39839,3688,3905,44,49,93157,66622,69,194,80,402
!,!,Sample 3,Sample 3.d,Sample,,26/2/2024 16:04,10959,1954,14348,22302980,7074,8794,285133,14417,4052,3169,42,13,17,14,14,729,36,5313,1015448,1566,31,89,43,271,33,38,25,251,4,176,1220,473,2681,2881,1527979,758,355,50,30,9183012,87998,20062,14542,2024,39620,29790,1920,4100,254,9850,4619,545,273,964,29,37,23,354,32,14768003,554,17,1096,382,16834,328596,3766591,15641,646,13936,34095,42428,5549,13359,10903,8685,12619,13016,1166,84433,2810,10392,11331,14484,366,681,530,21,4316,1366,56844,1493,3155,3941901,23982,8827,16874,10680,2184,2847620,10475,1335,2858,2955,1167,153036,475,658,12447571,7232,4681,35746,2131,2247,47065,14124,1821,24162,292,3207,82460,504206,4798,838,497,2825,581,5907,71,541,8990,898459,505,2538,3001,181,63,44,11,380,1057,15,169,44,69,86,6,16,5,13,218,27,75,112,409,573534,1129,208,49,15,28,1517,757,2731,50,83,428,26915665,294105,26031743,33615016,5128066,696788,7418671,12315443,245531,163640,17554,35857,71400,5008,33707,25,76131,1049970,10369,85421,79163,293685,12203,9022,24829,2135735,643692,423414,1120871,1798212,44240,4773,44040,9935,14868,2733,413285,19325,12413,3648,8032,227162,17170,13173,3067,8273,5273,3147,250307,124701,352,1886,19367,710,420,41,36,72543,83478,14406,138944,756744,8906,1715,122191,7193,1068,11545,335,540276,927203,454950,992557,1902,32319,4078,14868915,11003,102833,3728,12261,146859,2249226,56143,17566,331049,258297,41814,13217,100890,551988,10720,161160,211707,26699,5847728,11563643,1197,15174,7207409,36356,79373,27167,42557,10018,19628,36610,21111,5518,377004,172636,215731,66619,105674,62337,15681,27289,16704,13337,33707,16652,54494,451003,5349,816099,16211,14028,323570,21133,237026,12062,34369,348687,35935,3843,31512,31276,22938,82771,13496,1074743,26507,16474,33894,355176,39151,3809,4101,43,111,94873,64617,52,327,230,108
!,!,Sample 4,Sample 4.d,Sample,,26/2/2024 16:38,393,1589,9834,23288696,3435,10642,310622,14598,4906,3249,91,13,28,32,13,971,34,5369,1048287,1197,45,81,62,100,40,197,507,1024,257,38,1060,194,2427,1813,1589581,663,293,46,173,9548525,130397,25775,17294,1634,48185,42081,1835,4790,212,12376,5583,265,248,692,4,90,20,40,22,15663880,639,41,1290,677,23367,316056,3954966,20834,658,17259,41355,50964,5069,14289,11878,9839,16871,15337,1591,101262,3308,8583,11982,14858,55,852,747,10,5558,2208,56807,2025,4437,4103871,36873,11061,22938,12792,2728,2952412,15863,1323,3945,3797,1563,156102,620,1159,12830839,15733,5833,179011,11911,5000,121621,58373,5180,766647,587,4685,83395,544132,7787,818,1691,24522,3252,7412,531,2983,6882,948983,2514,3595,6458,252,791,689,5,272,919,24,258,66,12,93,12,14,112,228,30,10,25,92,418,584062,1205,321,15,4,87,1029,587,2717,134,15,592,28147011,600189,36065176,46963215,7112892,904554,9801080,17035439,340920,282166,27098,69344,107940,11295,54067,113,129373,1402453,17318,115179,111348,376586,20582,13549,41590,2142748,822273,566360,1395607,2318436,53528,5582,60420,13848,21932,3430,535718,27254,18840,4456,10318,304630,25700,16519,4780,10160,6497,4490,253786,162820,681,2710,26223,739,401,18,13,73764,100101,17966,180954,913983,11469,2392,145241,11359,1518,15463,340,565277,1134122,618946,1268617,1656,40286,4374,15586879,14041,145197,4257,22358,213298,3298561,90446,27221,478765,349806,59964,18060,144562,709215,14299,216009,311125,41417,6132765,11573274,1703,16268,7535025,37757,75709,26421,42285,10139,16823,31436,20882,3812,367556,168435,206316,63569,107856,60053,15346,25488,16575,13976,32715,15655,50125,431746,5106,775601,15516,14013,309183,21816,215608,11948,31676,332978,34501,3941,31505,31216,21515,77306,14591,1039675,27610,30729,32977,356656,38646,3519,3908,429,162,92188,63481,15,687,112,271
!,!,Sample 5,Sample 5.d,Sample,,26/2/2024 16:55,886,1737,7674,22558416,2346,10703,290658,14879,4943,2287,99,42,28,63,3,475,67,3747,984343,1277,68,86,21,362,86,7,504,265,15,16,1009,417,2328,2201,1564169,193,185,72,277,9390673,129683,26627,18596,2085,48818,40749,1625,5920,11,13185,6256,324,9,566,32,13,56,18,23,14602953,581,39,1161,854,18417,303155,4106886,14710,625,15950,38691,51331,5069,13172,12278,8428,14974,14992,1168,96240,2874,9299,13178,14712,600,759,631,8,5228,1842,53743,2035,4364,4018022,36972,12941,23431,12670,2539,2913833,12797,2104,3563,3781,1507,162478,423,840,12866927,7508,5199,48291,6554,1975,52256,25447,1705,35479,452,3116,46981,302568,2917,1308,441,5114,997,9622,172,775,4894,923386,1002,368,2879,89,29,20,12,374,984,27,80,60,189,27,33,13,5,53,58,161,54,120,295,584702,370,141,27,50,90,1000,492,2463,35,16,217,27518718,439951,34565344,47661752,7062713,950032,10282423,17868082,344697,5990,25041,55404,99786,8750,50541,51,109614,1390226,16726,118995,110327,394393,21080,12997,42284,2193049,859312,560074,1437127,2377236,55134,4208,61188,13254,20070,4373,548401,26626,18657,4434,10456,309112,24929,16732,4429,10668,6535,4271,242580,154962,554,2287,26480,539,910,15,16,71694,94523,19194,182919,938699,10892,2430,146953,11354,1714,15790,808,565423,1157415,647790,1289738,2223,41225,4529,15183116,14073,138257,5001,17909,210607,3144920,76219,25690,484047,351328,56477,20056,135575,770124,15790,210700,292693,35302,6002107,11811172,1247,48982,7396993,35023,77589,28770,39575,11661,17909,31355,21895,5220,365924,170591,209820,63781,105741,61074,15172,27539,16984,14229,32966,15922,53852,446682,5512,793442,15491,13701,309010,21023,221738,11400,35131,338778,33447,4373,31154,33289,21795,81944,13087,1058159,29281,19072,33221,346735,39322,3416,3835,737,56,96325,63545,123,472,25,302
!,!,Sample 6,Sample 6.d,Sample,,26/2/2024 17:12,538,1678,7512,23167813,2211,11218,296112,14451,5301,2915,101,32,8,36,22,104,95,3666,1043218,1200,48,40,16,452,43,48,45,150,37,98,1077,275,2244,1788,1575197,314,137,85,52,9526736,131912,25948,18183,1855,49404,40708,1339,5754,7,12772,6333,298,40,554,4,8,24,78,16,14769089,1032,9,1318,748,17919,320715,4224685,13037,832,17528,40017,48660,5549,15039,10927,8532,14808,15260,1629,96548,2751,7675,10838,14279,43,955,445,2,5764,2016,51862,2439,4115,4019453,36030,12541,23937,13617,3157,2869479,14904,1489,3512,3495,1345,152859,534,944,12839182,6309,3988,30187,8527,1755,45087,45841,2609,23186,148,4694,47737,306663,6166,849,287,1942,589,9724,459,549,7134,928639,1075,814,7377,19,284,223,14,422,948,10,111,124,74,4,17,51,10,30,188,5,41,93,191,580233,1116,358,40,47,30,859,693,2802,39,37,844,27740016,409206,34657442,47119335,7103263,956271,10166243,17348932,340879,286397,24521,53889,96699,5231,45835,21,101464,1393144,17766,118986,115300,394569,19522,12047,42344,2165001,857781,570365,1436031,2392009,53002,6069,57636,16468,19684,4378,555037,25587,18996,4497,10604,312527,25856,15776,4724,10500,6172,5028,235424,154146,354,2176,23943,663,564,36,14,69909,95055,20204,185326,931272,11864,2459,137252,10413,1284,14314,381,572482,1134773,626808,1251114,1404,40857,5242,15205051,13953,137854,5262,17423,209408,3190266,79751,23145,468818,346788,53716,18808,133993,699534,13671,215110,284785,33038,6048340,11921130,2019,49284,7513449,37111,81584,28444,41612,10942,20932,31157,23398,4666,368208,166831,209414,62112,109018,59902,18156,24178,14610,12228,32173,16429,54089,447798,5298,811738,15472,13792,316026,19454,230925,11455,33102,356621,34015,4163,31917,31199,22244,81978,14124,1090140,29300,21457,34517,353587,37170,3580,4700,20,103,94016,63431,195,243,11,177
!,!,Sample 7,Sample 7.d,Sample,,26/2/2024 17:46,777,566,9581,23135160,3482,10221,286635,13751,6302,3178,54,25,2,47,2,272,39,5277,1070344,1507,49,48,107,358,7,6,50,221,79,169,1502,202,3486,2279,1575107,570,173,206,103,9634304,183083,41642,35573,2010,111608,80879,1736,8805,8,25007,8762,282,13,594,28,30,50,55,4,14747376,1036,53,2153,1547,24522,290306,4320608,15376,1091,14496,37338,47889,4634,12107,7827,9022,16748,17363,1655,87458,3087,9477,12928,15316,50,458,308,68,8084,2835,54108,4408,9586,4022051,49621,25969,59676,26099,6112,2871431,22218,3337,9017,7781,2386,157383,845,2264,12890657,6979,3769,72162,6356,4107,279147,142001,1849,33,541,53597,47303,311388,3092,977,217,13080,6261,12193,6220,5561,7240,923218,2590,509,13478,22,146,101,19,3166,904,23,44,58,62,129,4,21,29,38,100,6,25,450,363,575019,2104,1177,12,124,156,1117,526,2311,62,229,29,27541584,729934,47180334,71038060,9682106,1833210,20724665,28645884,420571,6313,39496,64639,111161,7096,49810,31,180005,2237885,22612,209783,145981,684005,22833,16147,71816,2140605,1352047,741334,2636340,3535999,69915,4495,84879,14190,18328,4139,851314,36363,22977,4452,12375,544624,39014,23664,5708,12806,6883,4453,248714,186854,414,3926,38028,698,633,12,6,73287,113521,19230,252914,996020,12019,1935,160791,9648,1375,15614,975,566636,1180866,764810,1220793,1960,41983,4363,14852293,18797,177356,6457,22313,301059,4286515,89756,43616,783959,442177,107588,33047,284495,1167879,25874,492176,557157,61406,6058277,11775847,1122,51124,7388786,46878,88346,28878,49784,12821,18469,36898,25136,4591,409720,178014,225317,76837,137234,58549,16521,28526,15782,11885,36516,20517,63421,506492,6147,913235,15022,14252,344098,20807,234964,12069,33832,344775,35297,4576,33785,32622,24295,85780,13920,1165377,27057,29201,31546,361939,37607,4015,3838,471,106,95002,61599,63,813,85,132
!,!,Sample 8,Sample 8.d,Sample,,26/2/2024 18:03,996,1004,15353,22107879,18481,9602,286441,14469,1693,854,155,7,13,4,19,722,33,4229,1119945,1021,90,99,14,235,90,4,181,84,10,18,556,325,1339,1535,1576200,603,273,848,47,9489906,30275,9209,7928,1132,22648,13934,1352,1786,20,4931,1786,109,26,599,32,6,42,9,28,14665755,245,11,405,315,9053,395512,4114197,11663,716,7713,15174,22455,4812,4182,2441,8138,4792,5425,2134,35755,2124,9137,9620,14178,22,243,130,21,1950,663,55577,901,1906,4019221,10691,4979,10664,5087,1302,2888181,5301,797,1668,1527,682,150630,309,469,12925874,5860,4933,57852,2082,2374,126498,64632,1480,5051,159,10875,47441,303823,3879,1166,423,3097,1021,7537,837,948,6221,942446,1627,253,4484,34,12,6,228,650,1241,52,355,62,120,2,23,22,27,72,121,25,114,263,380,602739,816,369,81,34,39,881,713,2557,72,27,226,27070014,134761,9350153,11339481,1842211,330694,3528766,4400662,89191,1150,9212,12042,24196,1877,10231,91,31409,449503,2818,36345,25220,136403,3126,1960,5628,2146084,296571,158844,575433,748627,14120,1185,18495,2878,4914,1122,177070,7430,3847,778,1992,112409,8833,5276,1101,2602,1417,1182,243679,47208,33,703,6557,249,223,23,9,71833,26833,4034,53830,294711,2828,555,47180,2411,296,4227,94,563298,414847,170338,358638,990,11892,1073,15027268,5038,44677,978,4944,62756,937774,19375,7233,144761,98009,22199,3813,58658,193991,5736,94178,111570,12338,5848271,12032257,1384,46987,7409856,34191,76252,27815,38941,10272,17955,29566,20720,3756,358633,168861,206825,58188,90538,60372,17804,22482,15668,13110,31219,15597,54159,432658,5191,780178,15073,8909,313132,21012,223647,12605,28891,351927,34321,3860,32051,34194,22863,79975,13738,1040442,26138,29122,34999,366810,37571,4434,4079,245,146,92984,62204,69,507,107,403
!,!,Sample 9,Sample 9.d,Sample,,26/2/2024 18:19,1818,1807,6504,22219960,5245,10361,295152,14517,1235,178,324,43,11,5,13,1268,292,4346,1266079,1340,37,89,9,108,27,89,18,88,22,76,1293,742,3848,4963,1586459,1000,446,1288,20,9510867,32495,10301,9225,3025,26737,10214,3425,1434,61,3736,1302,654,421,1646,54,28,43,437,18,14765689,241,111,598,423,9970,418936,4056659,15387,837,7875,16344,20102,4587,3433,2736,6580,5315,5294,1398,33305,2455,9163,12947,14062,29,270,134,28,1215,587,54672,659,1510,3958028,7538,3820,8167,3674,709,2883793,3874,679,1187,995,372,162400,335,417,12890255,6062,3986,63723,2409,1527,114393,67422,1888,848023,310,8756,47016,319691,7865,799,412,2837,930,7830,758,1060,6613,935056,1256,484,5703,115,200,129,30,552,1037,70,187,76,66,29,3,26,31,57,140,34,54,98,131,585579,681,706,6,32,225,906,593,2610,22,20,221,27182227,102265,6917175,8062110,1383654,235730,2565583,3245274,69800,42181,5452,11675,22525,1436,6017,22,23408,311516,3121,25907,19726,99737,2109,2099,3215,2129002,221732,115109,426133,580067,10558,1148,13492,2080,3941,817,131682,5230,3753,992,2150,79016,6485,3726,913,2686,849,500,249717,34976,117,422,5444,76,131,5,11,73217,23851,3285,39452,236634,2379,509,35510,1474,242,3783,126,561600,320934,112158,277476,959,8389,1109,15066626,4783,38652,1389,3523,45294,707442,14909,5469,102978,73732,18824,2725,46183,137467,3521,69742,80195,8581,5944938,11715997,1554,50697,7434573,36130,76051,26614,39755,9215,16106,28285,21251,4507,362865,163797,198932,57673,94110,62677,15986,23975,13282,15086,30645,16924,52788,425145,4604,764601,15827,15204,317602,21151,227966,12125,34391,350530,34978,4142,33225,30695,21186,81408,15010,1052581,27362,20122,32234,359015,40577,3706,3990,520,142,89402,58329,251,463,161,297
!,!,TQC01,TQC01.d,Sample,,26/2/2024 14:56,2149,11958,12991,22593482,5708,8706,300124,14797,4106,2127,254,44,10,8,11,352,24,4800,1153348,1132,132,83,13,30,12,49,138,230,8,18,1087,270,2098,1750,1608276,220,171,85,53,9766824,98626,21296,17439,1889,49214,35235,1395,4422,11,11673,4976,287,31,728,14,20,25,18,12,15558374,645,15,1111,725,18154,326927,4192995,13610,879,12208,34172,41631,4865,11506,9015,8567,12174,12902,1659,77893,3169,10820,12774,14812,21,895,504,12,4626,1791,54181,2216,4007,4138922,29839,11018,23461,12296,2893,2991349,13082,1531,3748,3720,1218,164535,718,833,13814813,9242,5441,74870,6530,3235,119295,63349,2771,215701,145,13381,51435,328123,6909,974,360,7588,1935,9186,1168,1817,5989,966999,1219,2052,7529,136,165,27,267,911,1290,53,182,67,71,18,18,38,28,6,183,43,72,22,67,531727,856,934,85,17,94,1858,1076,2725,31,42,348,28495716,370887,28896027,39416811,5762238,843845,8834887,13894631,272391,110686,23392,42691,83904,6245,38566,212,95331,1200631,11826,100797,84876,353343,14214,10236,28012,2214737,735033,479238,1332922,2045929,47655,4051,49428,11030,16339,2854,478023,22405,15261,3595,8329,268593,22644,13213,3727,8897,4888,3873,256328,132693,469,1967,20927,639,676,19,32,73685,75398,14573,145507,749987,8007,1959,117638,8946,1206,11798,385,489386,833735,422870,889420,1544,27666,2997,15697007,11316,116633,3295,13080,176505,2667671,65031,24777,399926,287840,50823,14257,130765,603941,13422,203453,260195,31909,6177075,12168990,1509,54584,7485533,41144,77235,26048,40022,10805,18055,31080,20199,4286,355021,167316,205889,61353,105516,60552,14127,24357,15561,14003,32317,16072,52818,446759,5662,784150,16057,13998,307717,19630,218556,11596,32273,320233,33651,4106,29693,31747,22020,80910,12798,1064435,26750,29690,33181,341091,36935,3967,4148,376,54,91431,59344,56,220,11,131
!,!,TQC02,TQC02.d,Sample,,26/2/2024 15:13,1884,12375,9463,23089030,5147,8985,311368,15656,4612,2510,171,11,11,40,11,160,116,4487,1084573,1020,62,91,46,32,134,15,56,224,30,11,1011,304,2613,2191,1610250,504,192,90,104,9720679,104085,21978,16848,1764,47229,35888,1646,5005,59,11464,5194,173,172,606,11,13,81,35,21,15343486,671,13,1152,753,18106,338441,4135264,15197,686,12756,33708,41343,5125,11371,9061,9026,12035,14142,1706,78466,3201,9465,11130,14383,38,741,543,4,4860,1685,57919,1808,4350,4143828,28319,11950,23851,12555,2860,2949844,14504,1569,3266,3695,1418,157213,730,928,13245128,9549,5599,72390,6978,3061,120648,62661,2983,218397,1169,14340,50041,334596,6015,1470,1694,7208,1903,9383,1465,1522,6854,970732,1354,2168,7779,27,302,250,279,975,1098,42,228,33,23,19,16,4,2,22,73,16,19,226,137,539588,1316,804,158,13,98,1765,1145,2305,23,54,280,28471101,387985,28703817,39843237,5659674,823634,9085472,13983702,276810,109813,23534,45558,78695,6261,33380,519,91100,1188552,11681,99508,83841,348592,14882,9594,27108,2208655,732913,476457,1312276,2002814,41078,4620,50858,11618,17379,3369,469859,21830,15240,3568,9338,274070,20857,14674,3850,8764,5544,3180,253013,129357,185,2172,23547,438,399,2,32,73248,76030,13262,146587,755898,8104,2182,118157,8507,1282,12766,456,492118,827892,414701,899316,2182,29567,2718,15726147,12634,117993,3374,13483,173014,2648081,64124,21067,389009,292996,51759,14800,129981,587821,12641,206645,261913,30778,6129626,12174821,1279,55397,7465394,37007,80590,28411,39129,11461,17014,30355,20632,4060,362829,165987,213043,60671,106536,62054,15379,22948,16114,13619,32848,17049,55803,442450,5323,793786,16409,13883,307536,19858,210810,11383,31623,343341,36287,4412,30007,30916,22465,79769,12468,1072978,25860,29107,32297,354536,36459,4333,3650,325,130,89327,59436,55,296,165,340
!,!,TQC03,TQC03.d,Sample,,26/2/2024 16:21,1892,12333,10170,22778275,5688,9063,306203,14770,3975,2756,40,4,5,31,2,443,26,4184,1144041,1055,18,65,47,308,86,67,72,310,73,142,1027,307,2263,1871,1640150,531,190,81,98,9798288,102107,22360,16373,1531,48160,36060,1788,4445,14,12429,5039,297,22,686,18,20,32,36,12,15457672,658,27,1179,500,17818,332393,4145312,14062,491,14168,34189,42015,4709,12605,9019,9897,12055,13541,1106,78518,2845,10133,12003,15201,10,827,360,24,4816,1815,56519,1922,3904,4166825,30130,11471,23602,11659,2755,2946837,13081,1620,3589,3117,1239,162363,568,917,13469646,8323,5056,74353,6783,3009,119712,65372,2984,222757,418,13286,51594,335238,7210,1420,751,7009,1759,9066,1156,1907,6239,951926,1330,1916,7567,95,151,89,375,1008,1085,62,238,264,33,17,33,37,56,233,119,15,28,161,65,532290,905,847,34,31,93,1784,1055,2449,62,92,318,28481107,377926,29282351,39837033,5950461,823770,8988361,14115772,280563,108192,20996,43878,81158,6637,36923,502,90522,1219054,12045,99239,87601,344124,13854,9328,25856,2192398,754064,476302,1330346,2080362,48670,4387,51600,10614,17540,3114,475065,21285,14175,3650,9276,268587,21343,13661,4306,9009,5492,3684,249725,128985,337,2138,20673,600,628,11,3,76361,77519,13120,146561,746934,8523,1902,117194,8475,992,11347,291,491557,806549,412787,896238,2564,27867,3074,15841033,11887,118821,3575,15646,171639,2636243,66712,23072,401189,288079,50155,14124,130163,594936,12835,208729,260405,31873,6108097,12048046,1220,60599,7667829,38677,77047,28681,40312,10121,17898,30819,21646,4634,360335,166499,206089,61933,102886,59447,15718,24852,16720,13076,32538,15424,50963,444474,4985,790779,16031,13513,311684,21439,217337,11452,34005,337856,32818,4619,30088,31440,23862,80721,13842,1054036,26191,28455,34065,356127,36293,4290,3604,56,78,92377,63470,128,176,8,327
!,!,TQC04,TQC04.d,Sample,,26/2/2024 17:29,2126,12912,10010,22985833,4126,10810,301545,15199,4022,2473,267,29,16,17,13,316,48,4461,1134738,1131,82,32,22,16,58,11,42,221,174,40,987,362,2223,2340,1617879,560,211,69,50,9849262,102071,21964,16241,1561,48341,37989,1603,4615,37,11590,5467,166,33,666,27,14,57,62,34,15309265,802,35,1187,582,17028,331997,4199506,14452,1109,12413,35785,43038,4771,11552,8915,9205,11240,12209,1428,76625,2211,10579,11708,14857,48,798,559,29,4809,1890,54922,2269,3964,4164320,29746,11660,23224,12288,2387,2988287,13777,1594,3445,3431,1231,162291,689,907,13715837,9435,5297,69277,6916,3448,120491,63042,2893,224037,305,13410,50831,330731,7209,1185,556,7404,1914,9059,1481,1560,6490,962907,1418,1988,7575,215,260,271,42,985,981,31,87,124,114,29,58,71,55,8,151,82,53,166,152,529788,1262,1514,104,3,18,2130,984,2450,50,8,419,28899033,370419,28721501,39703487,5854427,847588,8999145,13997171,282832,107442,22702,46135,82460,6011,39742,331,92459,1228162,12806,98247,86676,345226,14663,10938,28076,2227052,762623,473484,1325821,2040078,45593,4314,47730,10312,15926,2940,471820,22530,14010,4104,10108,271747,22310,14019,4197,8531,4808,3801,249185,131588,103,2591,23120,486,432,11,12,76269,81624,14356,146624,780165,8073,1939,122464,7875,1058,12600,449,469677,791570,399767,863413,1088,26864,2809,15910600,12329,118860,3658,14710,176300,2704051,65700,20261,395881,285493,52599,15209,132348,610351,12108,206675,268311,34402,6128207,12045512,1400,60330,7443808,37563,76247,27620,36768,10974,17866,32047,21085,4273,365473,167059,206620,59725,106040,59345,17246,26335,14743,12626,32023,17443,52265,442368,4917,788456,15730,14686,316765,19814,217977,10839,33831,325105,35096,4894,29258,31591,21878,81046,13094,1055780,26707,28031,33097,356921,35574,4312,3905,692,93,86971,61495,63,638,11,108
!,!,TQC05,TQC05.d,Sample,,26/2/2024 18:36,2354,13123,12810,23502583,4604,11264,304670,14970,4578,2113,154,80,27,19,8,1881,20,4685,1127184,1050,38,53,24,22,73,9,89,237,8,136,999,361,2198,2209,1601441,374,149,79,65,9701604,99586,23127,16355,1531,48601,36442,1384,4970,24,11685,5321,434,10,703,8,16,89,156,9,15447469,532,17,1113,788,17401,333556,4217733,14297,600,13525,34025,42939,5778,11435,8618,8770,13334,12727,1882,78672,2739,10659,12308,15856,37,847,408,10,4742,1531,56994,1889,4380,4150085,29161,12197,24116,12521,2906,2981538,12807,1745,3382,3768,1215,158394,620,1033,13458571,8681,5148,74053,7133,3399,119694,63313,2395,220754,1037,14079,49021,337168,7164,1524,794,7351,1672,9088,1130,1688,7882,974008,1780,2459,8028,96,172,257,49,1024,1074,32,93,153,25,28,22,13,12,251,149,4,32,115,117,493407,1104,909,9,57,21,1935,1286,2897,45,93,354,28547646,383880,28547363,38903100,5807055,848561,8880416,13841355,274561,105471,22198,47054,83080,4879,38025,558,93202,1222342,13322,100047,86078,347662,13931,8606,26813,2219369,744482,469444,1315460,2029939,46510,4442,51969,11266,15844,2954,475258,21309,15055,3821,8294,275852,22573,14113,3865,8877,4922,3804,247129,131974,171,2257,21969,281,562,10,26,75789,77832,13439,145459,781298,8474,1979,121216,7815,1124,11197,450,447087,801555,383356,809255,2133,25585,2555,15874072,11813,116747,4518,15758,178193,2684107,62888,22851,394529,286658,52587,16570,129389,596543,13167,204087,263144,30910,6035012,12194537,1261,61134,7511809,36966,76920,28799,35949,10295,18669,31092,20022,4893,367562,161207,211544,62746,105056,59689,15349,24476,15400,13095,32604,15677,53076,448332,5075,789358,15940,12268,302697,22015,211631,10171,32391,333547,35063,4275,30037,30962,22212,80294,12916,1048536,26860,23642,32268,346733,37690,4351,3349,334,125,87111,60135,33,308,7,186
!,!,TQC06,TQC06.d,Sample,,26/2/2024 18:53,1836,14747,11006,22987639,4077,8320,308226,14835,4111,2664,245,21,2,10,37,413,12,4232,1142915,1070,56,135,25,39,63,26,263,254,8,38,1160,354,2238,1972,1620683,414,298,46,70,9891983,103933,23233,17131,1758,48535,38093,1684,4654,302,11891,4633,327,23,634,10,18,3,25,25,15646033,691,17,1081,563,17769,338951,4235389,13941,818,13197,32906,41407,5218,11608,8192,7743,12480,12888,1331,79058,2981,9882,12380,15514,38,873,440,12,4865,1579,57069,1809,3908,4145177,28028,11589,23876,12934,2861,2975138,14675,1765,3939,3581,1496,159202,768,818,13655193,9074,5759,72474,7525,3598,120369,66544,2945,218784,138,13123,50718,330950,8413,1208,846,7373,2008,9412,1180,1736,8409,957578,1323,2487,8041,101,288,4,32,930,1376,24,45,184,21,20,1,19,13,3,56,29,10,406,217,484142,998,1019,45,34,37,1846,1031,2720,7,26,284,28585778,370626,29447095,39635531,5831915,858778,8978179,14106225,267915,105315,20463,44102,84677,4583,37561,709,88842,1216652,13677,105032,85677,349540,13864,9745,27047,2177480,750086,474413,1336516,2041795,45091,4634,50530,11943,16517,3099,469936,22243,14417,3872,8094,277655,21520,13927,3847,8117,5050,3560,253518,134126,513,2026,21625,793,302,24,2,75968,79144,13947,148764,773754,8653,2470,122158,8621,1073,11794,264,437475,762385,385205,829909,1459,25222,2597,15764671,11761,119562,4318,15756,178064,2701803,64227,21418,388402,287210,53503,15169,126278,613295,13535,199378,265924,32007,6072524,11983466,1538,61262,7510443,39054,79501,28990,40019,11324,17613,31596,21327,4854,360247,164068,202602,61099,105792,61417,15282,23679,15503,12527,32944,16666,55252,445479,5125,792027,16168,13836,312944,19241,214823,10502,32115,337157,36358,4208,29488,31486,21842,79732,13043,1049320,25377,27980,32782,343584,36197,4010,3780,466,84,92264,59494,381,639,7,220
